{
  "n_train": 3000,
  "part_A_baselines": {
    "QRS": {
      "{I,II,V2}": {
        "prior_mean": {
          "rmse_mV": 0.1115,
          "rmse_ci": [
            0.10779718766362627,
            0.11540551805099013
          ],
          "mae_mV": 0.0911,
          "subgroup_rmse": {
            "NORM": 0.087,
            "MI": 0.1111,
            "STTC": 0.091,
            "CD": 0.1445,
            "HYP": 0.158
          }
        },
        "inverse_dower": {
          "rmse_mV": 0.3067,
          "rmse_ci": [
            0.29201574441652,
            0.32404351691321254
          ],
          "mae_mV": 0.2161,
          "subgroup_rmse": {
            "NORM": 0.2291,
            "MI": 0.3027,
            "STTC": 0.2874,
            "CD": 0.3883,
            "HYP": 0.4489
          }
        },
        "dipolar": {
          "rmse_mV": 0.0651,
          "rmse_ci": [
            0.06255029929305754,
            0.06771033958486698
          ],
          "mae_mV": 0.0403,
          "subgroup_rmse": {
            "NORM": 0.0545,
            "MI": 0.0627,
            "STTC": 0.0577,
            "CD": 0.076,
            "HYP": 0.097
          }
        },
        "ridge_perseg": {
          "rmse_mV": 0.0631,
          "rmse_ci": [
            0.060582158225355065,
            0.06582213421965094
          ],
          "mae_mV": 0.0411,
          "subgroup_rmse": {
            "NORM": 0.0502,
            "MI": 0.0665,
            "STTC": 0.0517,
            "CD": 0.0763,
            "HYP": 0.0942
          }
        },
        "ols_perseg": {
          "rmse_mV": 0.0624,
          "rmse_ci": [
            0.05994463016061736,
            0.06508947660744253
          ],
          "mae_mV": 0.0385,
          "subgroup_rmse": {
            "NORM": 0.0497,
            "MI": 0.0657,
            "STTC": 0.0514,
            "CD": 0.0753,
            "HYP": 0.0932
          }
        }
      },
      "{I,II,V1,V3,V5}": {
        "prior_mean": {
          "rmse_mV": 0.1108,
          "rmse_ci": [
            0.10709260272870644,
            0.11467117616730671
          ],
          "mae_mV": 0.0897,
          "subgroup_rmse": {
            "NORM": 0.0878,
            "MI": 0.106,
            "STTC": 0.092,
            "CD": 0.1462,
            "HYP": 0.1505
          }
        },
        "inverse_dower": {
          "rmse_mV": 0.0626,
          "rmse_ci": [
            0.06036192518469603,
            0.06519652666690308
          ],
          "mae_mV": 0.0502,
          "subgroup_rmse": {
            "NORM": 0.0523,
            "MI": 0.0581,
            "STTC": 0.0551,
            "CD": 0.0742,
            "HYP": 0.0921
          }
        },
        "dipolar": {
          "rmse_mV": 0.053,
          "rmse_ci": [
            0.050702087729254906,
            0.05530918825732068
          ],
          "mae_mV": 0.0386,
          "subgroup_rmse": {
            "NORM": 0.0454,
            "MI": 0.0498,
            "STTC": 0.0455,
            "CD": 0.0604,
            "HYP": 0.0825
          }
        },
        "ridge_perseg": {
          "rmse_mV": 0.0385,
          "rmse_ci": [
            0.036799189918386405,
            0.040154856534978155
          ],
          "mae_mV": 0.023,
          "subgroup_rmse": {
            "NORM": 0.0335,
            "MI": 0.0346,
            "STTC": 0.0332,
            "CD": 0.0443,
            "HYP": 0.0582
          }
        },
        "ols_perseg": {
          "rmse_mV": 0.0381,
          "rmse_ci": [
            0.03648588069479058,
            0.039853465520542426
          ],
          "mae_mV": 0.0202,
          "subgroup_rmse": {
            "NORM": 0.0332,
            "MI": 0.0344,
            "STTC": 0.0332,
            "CD": 0.0436,
            "HYP": 0.0581
          }
        }
      },
      "limb-6": {
        "prior_mean": {
          "rmse_mV": 0.1353,
          "rmse_ci": [
            0.13040835974281664,
            0.14045838924759912
          ],
          "mae_mV": 0.1147,
          "subgroup_rmse": {
            "NORM": 0.1061,
            "MI": 0.1324,
            "STTC": 0.1105,
            "CD": 0.1779,
            "HYP": 0.1898
          }
        },
        "inverse_dower": {
          "rmse_mV": 0.3017,
          "rmse_ci": [
            0.28806547314455316,
            0.3175764353302694
          ],
          "mae_mV": 0.262,
          "subgroup_rmse": {
            "NORM": 0.2275,
            "MI": 0.2953,
            "STTC": 0.278,
            "CD": 0.3804,
            "HYP": 0.4485
          }
        },
        "dipolar": {
          "rmse_mV": 0.1168,
          "rmse_ci": [
            0.11201558899323118,
            0.12170534368698564
          ],
          "mae_mV": 0.0952,
          "subgroup_rmse": {
            "NORM": 0.0918,
            "MI": 0.113,
            "STTC": 0.099,
            "CD": 0.1537,
            "HYP": 0.1626
          }
        },
        "ridge_perseg": {
          "rmse_mV": 0.1166,
          "rmse_ci": [
            0.11159023949259873,
            0.1218310981306322
          ],
          "mae_mV": 0.095,
          "subgroup_rmse": {
            "NORM": 0.0898,
            "MI": 0.1161,
            "STTC": 0.0944,
            "CD": 0.1554,
            "HYP": 0.1639
          }
        },
        "ols_perseg": {
          "rmse_mV": 0.1159,
          "rmse_ci": [
            0.11100243425153204,
            0.12113034337104478
          ],
          "mae_mV": 0.0943,
          "subgroup_rmse": {
            "NORM": 0.0895,
            "MI": 0.1152,
            "STTC": 0.0939,
            "CD": 0.1541,
            "HYP": 0.1633
          }
        }
      }
    },
    "ST": {
      "{I,II,V2}": {
        "prior_mean": {
          "rmse_mV": 0.0474,
          "rmse_ci": [
            0.04506108057315327,
            0.04985433552650054
          ],
          "mae_mV": 0.0383,
          "subgroup_rmse": {
            "NORM": 0.0339,
            "MI": 0.0435,
            "STTC": 0.0458,
            "CD": 0.0654,
            "HYP": 0.0595
          }
        },
        "inverse_dower": {
          "rmse_mV": 0.1444,
          "rmse_ci": [
            0.1338095370485277,
            0.15658191491639278
          ],
          "mae_mV": 0.102,
          "subgroup_rmse": {
            "NORM": 0.0891,
            "MI": 0.1305,
            "STTC": 0.1411,
            "CD": 0.2244,
            "HYP": 0.1733
          }
        },
        "dipolar": {
          "rmse_mV": 0.0284,
          "rmse_ci": [
            0.02687028756162408,
            0.029846980978156468
          ],
          "mae_mV": 0.0176,
          "subgroup_rmse": {
            "NORM": 0.0217,
            "MI": 0.0264,
            "STTC": 0.0289,
            "CD": 0.0373,
            "HYP": 0.0353
          }
        },
        "ridge_perseg": {
          "rmse_mV": 0.0304,
          "rmse_ci": [
            0.02890604917926472,
            0.03195808532898101
          ],
          "mae_mV": 0.0217,
          "subgroup_rmse": {
            "NORM": 0.0222,
            "MI": 0.0284,
            "STTC": 0.0299,
            "CD": 0.0409,
            "HYP": 0.0396
          }
        },
        "ols_perseg": {
          "rmse_mV": 0.0288,
          "rmse_ci": [
            0.02732376689153243,
            0.03028890948951582
          ],
          "mae_mV": 0.0178,
          "subgroup_rmse": {
            "NORM": 0.0212,
            "MI": 0.0271,
            "STTC": 0.0285,
            "CD": 0.0384,
            "HYP": 0.0377
          }
        }
      },
      "{I,II,V1,V3,V5}": {
        "prior_mean": {
          "rmse_mV": 0.0477,