{
  "n_train": 2000,
  "n_test": 800,
  "configs": {
    "precordial-interp": {
      "QRS": {
        "V2": {
          "rho_oracle": 0.4917352760285542,
          "true_nondip_rms_mV": 0.15041848197933305
        },
        "V4": {
          "rho_oracle": 0.3072603814985097,
          "true_nondip_rms_mV": 0.16530451314254307
        },
        "V6": {
          "rho_oracle": 0.34074420322598964,
          "true_nondip_rms_mV": 0.182116327365601
        }
      },
      "ST": {
        "V2": {
          "rho_oracle": 0.5537673357195662,
          "true_nondip_rms_mV": 0.09138137061730273
        },
        "V4": {
          "rho_oracle": 0.20752460971032125,
          "true_nondip_rms_mV": 0.11612855523163612
        },
        "V6": {
          "rho_oracle": 0.2638188675166644,
          "true_nondip_rms_mV": 0.14478502562357942
        }
      },
      "T": {
        "V2": {
          "rho_oracle": 0.48620815427798386,
          "true_nondip_rms_mV": 0.09353277102299112
        },
        "V4": {
          "rho_oracle": 0.2225073045115776,
          "true_nondip_rms_mV": 0.1180315033469179
        },
        "V6": {
          "rho_oracle": 0.28224821199097694,
          "true_nondip_rms_mV": 0.13233268764472086
        }
      },
      "P": {
        "V2": {
          "rho_oracle": 0.2658679713430947,
          "true_nondip_rms_mV": 0.09637378487383792
        },
        "V4": {
          "rho_oracle": 0.10780603672649731,
          "true_nondip_rms_mV": 0.08889502934653662
        },
        "V6": {
          "rho_oracle": 0.8221124071794557,
          "true_nondip_rms_mV": 0.05804843271750684
        }
      }
    },
    "classic-3lead": {
      "QRS": {
        "V1": {
          "rho_oracle": 0.1538532366193525,
          "true_nondip_rms_mV": 0.15341474392045648
        },
        "V3": {
          "rho_oracle": 0.08737022563517167,
          "true_nondip_rms_mV": 0.18065753290202796
        },
        "V4": {
          "rho_oracle": 0.15953193564756518,
          "true_nondip_rms_mV": 0.16530451314254313
        },
        "V5": {
          "rho_oracle": 0.0005921729220426916,
          "true_nondip_rms_mV": 0.164831475384997
        },
        "V6": {
          "rho_oracle": 0.03625075776428374,
          "true_nondip_rms_mV": 0.18211632736560096
        }
      },
      "ST": {
        "V1": {
          "rho_oracle": 0.09831658711523068,
          "true_nondip_rms_mV": 0.11015949302929431
        },
        "V3": {
          "rho_oracle": -0.022517280969627056,
          "true_nondip_rms_mV": 0.10379926212201326
        },
        "V4": {
          "rho_oracle": 0.14083116559897305,
          "true_nondip_rms_mV": 0.11612855523163605
        },
        "V5": {
          "rho_oracle": 0.13063299278308838,
          "true_nondip_rms_mV": 0.12337991170327829
        },
        "V6": {
          "rho_oracle": 0.1851591224386585,
          "true_nondip_rms_mV": 0.14478502562357945
        }
      },
      "T": {
        "V1": {
          "rho_oracle": 0.12491418707622316,
          "true_nondip_rms_mV": 0.10643707369581341
        },
        "V3": {
          "rho_oracle": 0.10640904323151826,
          "true_nondip_rms_mV": 0.1020593905833833
        },
        "V4": {
          "rho_oracle": 0.12748321924212672,
          "true_nondip_rms_mV": 0.11803150334691793
        },
        "V5": {
          "rho_oracle": 0.19286757588203324,
          "true_nondip_rms_mV": 0.12176765128227456
        },
        "V6": {
          "rho_oracle": 0.23923179645025502,
          "true_nondip_rms_mV": 0.13233268764472086
        }
      },
      "P": {
        "V1": {
          "rho_oracle": 0.25450614397570376,
          "true_nondip_rms_mV": 0.09612603339629298
        },
        "V3": {
          "rho_oracle": 0.09900915168399524,
          "true_nondip_rms_mV": 0.08870160542498419
        },
        "V4": {
          "rho_oracle": 0.1454295375857304,
          "true_nondip_rms_mV": 0.08889502934653663
        },
        "V5": {
          "rho_oracle": 0.32270198780415144,
          "true_nondip_rms_mV": 0.11370658686667402
        },
        "V6": {
          "rho_oracle": 0.5553732088654614,
          "true_nondip_rms_mV": 0.058048432717506836
        }
      }
    },
    "limb6-negctrl": {
      "QRS": {
        "V1": {
          "rho_oracle": 0.06913378827755125,
          "true_nondip_rms_mV": 0.28763658022868943
        },
        "V2": {
          "rho_oracle": 0.08548289429402244,
          "true_nondip_rms_mV": 0.5798608944126761
        },
        "V3": {
          "rho_oracle": 0.028676540749323597,
          "true_nondip_rms_mV": 0.5681097096899989
        },
        "V4": {
          "rho_oracle": 0.007415916001380145,
          "true_nondip_rms_mV": 0.34177650172250906
        },
        "V5": {
          "rho_oracle": -0.029498172822285635,
          "true_nondip_rms_mV": 0.18481974540573964
        },
        "V6": {
          "rho_oracle": 0.042773647722291495,
          "true_nondip_rms_mV": 0.18401987102789508
        }
      },
      "ST": {
        "V1": {
          "rho_oracle": -0.1858360140364908,
          "true_nondip_rms_mV": 0.1828504038790108
        },
        "V2": {
          "rho_oracle": -0.10396962215885723,
          "true_nondip_rms_mV": 0.29888340790131623
        },
        "V3": {
          "rho_oracle": -0.2234080649143322,
          "true_nondip_rms_mV": 0.29314619194953995
        },
        "V4": {
          "rho_oracle": -0.270782320931189,
          "true_nondip_rms_mV": 0.1910147664085971
        },
        "V5": {
          "rho_oracle": 0.17419856480691068,
          "true_nondip_rms_mV": 0.12942995967414167
        },
        "V6": {
          "rho_oracle": 0.21112863507734234,
          "true_nondip_rms_mV": 0.14568364267171938
        }
      },
      "T": {
        "V1": {
          "rho_oracle": 0.23364111743086577,
          "true_nondip_rms_mV": 0.16948414751052368
        },
        "V2": {
          "rho_oracle": 0.3322367581468251,
          "true_nondip_rms_mV": 0.29438210736082865
        },
        "V3": {
          "rho_oracle": 0.2011324723213288,
          "true_nondip_rms_mV": 0.25713541888836433
        },
        "V4": {
          "rho_oracle": 0.131943830798687,
          "true_nondip_rms_mV": 0.16972779388247924
        },
        "V5": {
          "rho_oracle": 0.1643582298813478,
          "true_nondip_rms_mV": 0.12320414469196049
        },
        "V6": {
          "rho_oracle": 0.2678100608217355,
          "true_nondip_rms_mV": 0.13536164525993102
        }
      },
      "P": {
        "V1": {
          "rho_oracle": 0.17434442639678127,
          "true_nondip_rms_mV": 0.11896356217289447
        },
        "V2": {
          "rho_oracle": 0.009262292633338113,
          "true_nondip_rms_mV": 0.14070811544151984
        },
        "V3": {
          "rho_oracle": -0.04283448983738703,
          "true_nondip_rms_mV": 0.1328570709741741
        },
        "V4": {
          "rho_oracle": -0.07576504522341786,
          "true_nondip_rms_mV": 0.11000510437116323
        },
        "V5": {
          "rho_oracle": 0.02419094502634919,
          "true_nondip_rms_mV": 0.1227234634751042
        },
        "V6": {
          "rho_oracle": 0.2982085407729732,
          "true_nondip_rms_mV": 0.09270845655513822
        }
      }
    }
  },
  "gate_pass": true
}