{
  "n_seeds": 4,
  "n_test": 500,
  "epochs": 50,
  "guidances": [
    1.0,
    2.0,
    4.0,
    6.0
  ],
  "oracle_agg": 0.30734800835452325,
  "per_seed_delta_rho": {
    "1.0": [
      -0.009358784814970175,
      0.00047194322129556765,
      -0.016007082395229147,
      -0.045768207637623286
    ],
    "2.0": [
      -0.0027427335037812054,
      0.03420657500832641,
      0.028274355318497573,
      -0.05521392726589421
    ],
    "4.0": [
      0.0741796359001067,
      0.10959717013270731,
      0.1291726203536958,
      0.016072228927837932
    ],
    "6.0": [
      0.15121351412372996,
      0.1665628734361394,
      0.17663130384493414,
      0.08883428650569967
    ]
  },
  "mean": {
    "1.0": -0.01766553290663176,
    "2.0": 0.001131067389287142,
    "4.0": 0.08225541382858693,
    "6.0": 0.14581049447762578
  },
  "std": {
    "1.0": 0.017251673029623375,
    "2.0": 0.03542778584641121,
    "4.0": 0.04299484869920606,
    "6.0": 0.03411768023565672
  }
}