{
  "n_seeds": 5,
  "n_test": 800,
  "epochs": 70,
  "guidances": [
    1.0,
    2.0,
    4.0,
    6.0
  ],
  "oracle_agg": 0.30998783003237373,
  "per_seed_delta_rho": {
    "1.0": [
      -0.053550228199802805,
      -0.027280917040878348,
      -0.013329846229865753,
      -0.005586429118458592,
      -0.028279993668872086
    ],
    "2.0": [
      -0.04468361248454579,
      -0.00864940914986773,
      0.0344800269876743,
      0.011755294014111566,
      -0.023700283109309606
    ],
    "4.0": [
      -0.013935452754144916,
      0.05817825005807173,
      0.09711852558458034,
      0.04220558122360069,
      0.01995934570516253
    ],
    "6.0": [
      0.007165323603283631,
      0.10595269262683286,
      0.13385003065933432,
      0.06538570184458838,
      0.04991431814224905
    ]
  },
  "mean": {
    "1.0": -0.025605482851575517,
    "2.0": -0.006159596748387451,
    "4.0": 0.04070524996345408,
    "6.0": 0.07245361337525766
  },
  "std": {
    "1.0": 0.01638488722725595,
    "2.0": 0.027460870199931858,
    "4.0": 0.037164535055531286,
    "6.0": 0.04407322168931862
  },
  "lineage": {
    "commit": "44091359597ebcec91996933a1a8a44677152526",
    "protocol": "recoverability-v2-2026-07",
    "seed": 0,
    "targets": [
      "V2",
      "V4",
      "V6"
    ],
    "segment_def": "neurokit2-dwt on observed Lead II; P=Pon..Poff, QRS=Ron..Roff, ST=J..Ton, T=Ton..Toff",
    "normalization": "per-lead 95th-pct |amp| (train)",
    "dataset": {
      "name": "PTB-XL",
      "n_records": 21799,
      "ids_sha256": "d01d605b52faa1dd"
    },
    "n_train": 4000,
    "n_test": 800,
    "train_ids_sha256": "7d3b3e5d115403ee",
    "test_ids_sha256": "53831377da40f41c",
    "experiment": "achievability-gap (retracted-claim negative result)",
    "per_seed_model_seeds": [
      100,
      101,
      102,
      103,
      104
    ]
  }
}