{
  "n_seeds": 5,
  "n_test": 500,
  "epochs": 70,
  "guidances": [
    1.0,
    2.0,
    4.0,
    6.0
  ],
  "oracle_agg": 0.3073480083545236,
  "per_seed_delta_rho": {
    "1.0": [
      -0.052583378443445974,
      -0.02680629711601997,
      -0.027829352588199283,
      -0.005359271301941229,
      -0.043073033427526566
    ],
    "2.0": [
      -0.051227266455580844,
      -0.019376494103704622,
      0.01428198281960514,
      -0.002026613189888421,
      -0.0592839442568832
    ],
    "4.0": [
      -0.016305432126908753,
      0.043819240270207116,
      0.08407003240651033,
      0.031215961367023117,
      -0.020911679244257724
    ],
    "6.0": [
      0.010948531249432339,
      0.09034607500067346,
      0.12296707753763586,
      0.058188840487927246,
      0.009661282196017409
    ]
  },
  "mean": {
    "1.0": -0.031130266575426602,
    "2.0": -0.02352646703729039,
    "4.0": 0.024377624534514815,
    "6.0": 0.058422361294337255
  },
  "std": {
    "1.0": 0.016103432126899724,
    "2.0": 0.028124282522093196,
    "4.0": 0.03922793638897761,
    "6.0": 0.04430938004004163
  }
}