{
  "n_train": 2000,
  "n_test": 800,
  "configs": {
    "precordial-interp": {
      "QRS": {
        "V2": {
          "rho_oracle": 0.4917352760285518,
          "true_nondip_rms_mV": 0.15041848197933294
        },
        "V4": {
          "rho_oracle": 0.3072603814985092,
          "true_nondip_rms_mV": 0.16530451314254316
        },
        "V6": {
          "rho_oracle": 0.340744203225989,
          "true_nondip_rms_mV": 0.18211632736560102
        }
      },
      "ST": {
        "V2": {
          "rho_oracle": 0.5537673357195654,
          "true_nondip_rms_mV": 0.0913813706173027
        },
        "V4": {
          "rho_oracle": 0.20752460971032197,
          "true_nondip_rms_mV": 0.11612855523163612
        },
        "V6": {
          "rho_oracle": 0.2638188675166657,
          "true_nondip_rms_mV": 0.14478502562357942
        }
      },
      "T": {
        "V2": {
          "rho_oracle": 0.48620815427798314,
          "true_nondip_rms_mV": 0.09353277102299112
        },
        "V4": {
          "rho_oracle": 0.22250730451158005,
          "true_nondip_rms_mV": 0.11803150334691795
        },
        "V6": {
          "rho_oracle": 0.28224821199097494,
          "true_nondip_rms_mV": 0.13233268764472086
        }
      },
      "P": {
        "V2": {
          "rho_oracle": 0.26586797134309725,
          "true_nondip_rms_mV": 0.09637378487383765
        },
        "V4": {
          "rho_oracle": 0.1078060367264927,
          "true_nondip_rms_mV": 0.08889502934653676
        },
        "V6": {
          "rho_oracle": 0.822112407179459,
          "true_nondip_rms_mV": 0.05804843271750606
        }
      }
    },
    "classic-3lead": {
      "QRS": {
        "V1": {
          "rho_oracle": 0.1538532366193507,
          "true_nondip_rms_mV": 0.15341474392045643
        },
        "V3": {
          "rho_oracle": 0.08737022563516966,
          "true_nondip_rms_mV": 0.18065753290202796
        },
        "V4": {
          "rho_oracle": 0.1595319356475615,
          "true_nondip_rms_mV": 0.16530451314254316
        },
        "V5": {
          "rho_oracle": 0.0005921729220470874,
          "true_nondip_rms_mV": 0.16483147538499693
        },
        "V6": {
          "rho_oracle": 0.03625075776428059,
          "true_nondip_rms_mV": 0.18211632736560102
        }
      },
      "ST": {
        "V1": {
          "rho_oracle": 0.09831658711523025,
          "true_nondip_rms_mV": 0.1101594930292943
        },
        "V3": {
          "rho_oracle": -0.02251728096963423,
          "true_nondip_rms_mV": 0.10379926212201347
        },
        "V4": {
          "rho_oracle": 0.1408311655989732,
          "true_nondip_rms_mV": 0.11612855523163611
        },
        "V5": {
          "rho_oracle": 0.13063299278308538,
          "true_nondip_rms_mV": 0.12337991170327844
        },
        "V6": {
          "rho_oracle": 0.18515912243866023,
          "true_nondip_rms_mV": 0.14478502562357942
        }
      },
      "T": {
        "V1": {
          "rho_oracle": 0.12491418707622377,
          "true_nondip_rms_mV": 0.10643707369581346
        },
        "V3": {
          "rho_oracle": 0.10640904323151923,
          "true_nondip_rms_mV": 0.10205939058338326
        },
        "V4": {
          "rho_oracle": 0.12748321924213057,
          "true_nondip_rms_mV": 0.11803150334691791
        },
        "V5": {
          "rho_oracle": 0.19286757588203693,
          "true_nondip_rms_mV": 0.12176765128227446
        },
        "V6": {
          "rho_oracle": 0.23923179645025444,
          "true_nondip_rms_mV": 0.1323326876447209
        }
      },
      "P": {
        "V1": {
          "rho_oracle": 0.2545061439757032,
          "true_nondip_rms_mV": 0.09612603339629323
        },
        "V3": {
          "rho_oracle": 0.09900915168400462,
          "true_nondip_rms_mV": 0.08870160542498386
        },
        "V4": {
          "rho_oracle": 0.14542953758572805,
          "true_nondip_rms_mV": 0.08889502934653676
        },
        "V5": {
          "rho_oracle": 0.3227019878041492,
          "true_nondip_rms_mV": 0.11370658686667413
        },
        "V6": {
          "rho_oracle": 0.5553732088654618,
          "true_nondip_rms_mV": 0.05804843271750605
        }
      }
    },
    "limb6-negctrl": {
      "QRS": {
        "V1": {
          "rho_oracle": 0.06913378827755026,
          "true_nondip_rms_mV": 0.2876365802286895
        },
        "V2": {
          "rho_oracle": 0.0854828942940213,
          "true_nondip_rms_mV": 0.579860894412676
        },
        "V3": {
          "rho_oracle": 0.028676540749323798,
          "true_nondip_rms_mV": 0.5681097096899989
        },
        "V4": {
          "rho_oracle": 0.007415916001379634,
          "true_nondip_rms_mV": 0.341776501722509
        },
        "V5": {
          "rho_oracle": -0.029498172822286763,
          "true_nondip_rms_mV": 0.18481974540573942
        },
        "V6": {
          "rho_oracle": 0.04277364772228754,
          "true_nondip_rms_mV": 0.18401987102789513
        }
      },
      "ST": {
        "V1": {
          "rho_oracle": -0.18583601403649105,
          "true_nondip_rms_mV": 0.18285040387901108
        },
        "V2": {
          "rho_oracle": -0.10396962215885847,
          "true_nondip_rms_mV": 0.2988834079013164
        },
        "V3": {
          "rho_oracle": -0.22340806491433313,
          "true_nondip_rms_mV": 0.29314619194953984
        },
        "V4": {
          "rho_oracle": -0.2707823209311877,
          "true_nondip_rms_mV": 0.19101476640859666
        },
        "V5": {
          "rho_oracle": 0.17419856480690937,
          "true_nondip_rms_mV": 0.12942995967414164
        },
        "V6": {
          "rho_oracle": 0.2111286350773436,
          "true_nondip_rms_mV": 0.14568364267171946
        }
      },
      "T": {
        "V1": {
          "rho_oracle": 0.23364111743086535,
          "true_nondip_rms_mV": 0.16948414751052374
        },
        "V2": {
          "rho_oracle": 0.3322367581468247,
          "true_nondip_rms_mV": 0.2943821073608286
        },
        "V3": {
          "rho_oracle": 0.2011324723213289,
          "true_nondip_rms_mV": 0.2571354188883643
        },
        "V4": {
          "rho_oracle": 0.13194383079868863,
          "true_nondip_rms_mV": 0.16972779388247913
        },
        "V5": {
          "rho_oracle": 0.1643582298813507,
          "true_nondip_rms_mV": 0.12320414469196038
        },
        "V6": {
          "rho_oracle": 0.26781006082173303,
          "true_nondip_rms_mV": 0.13536164525993105
        }
      },
      "P": {
        "V1": {
          "rho_oracle": 0.17434442639678394,
          "true_nondip_rms_mV": 0.11896356217289408
        },
        "V2": {
          "rho_oracle": 0.009262292633335575,
          "true_nondip_rms_mV": 0.14070811544151945
        },
        "V3": {
          "rho_oracle": -0.04283448983738695,
          "true_nondip_rms_mV": 0.13285707097417354
        },
        "V4": {
          "rho_oracle": -0.07576504522341714,
          "true_nondip_rms_mV": 0.11000510437116283
        },
        "V5": {
          "rho_oracle": 0.024190945026349588,
          "true_nondip_rms_mV": 0.12272346347510371
        },
        "V6": {
          "rho_oracle": 0.298208540772963,
          "true_nondip_rms_mV": 0.0927084565551392
        }
      }
    }
  },
  "lineage": {
    "commit": "44091359597ebcec91996933a1a8a44677152526",
    "protocol": "recoverability-v2-2026-07",
    "seed": 0,
    "targets": [
      "V2",
      "V4",
      "V6"
    ],
    "segment_def": "neurokit2-dwt on observed Lead II; P=Pon..Poff, QRS=Ron..Roff, ST=J..Ton, T=Ton..Toff",
    "normalization": "raw mV segment samples",
    "dataset": {
      "name": "PTB-XL",