{
  "config": [
    "I",
    "II",
    "V2"
  ],
  "n_train": 300,
  "n_test": 400,
  "weights": [
    0.0,
    0.5,
    2.0,
    8.0
  ],
  "sweep": [
    {
      "adv_weight": 0.0,
      "rmse": 0.15397333680411837,
      "h": 0.030976551843688027,
      "corr": 0.23662004296720865
    },
    {
      "adv_weight": 0.5,
      "rmse": 0.28787295650753736,
      "h": 0.060829991247080585,
      "corr": 0.017663598600323734
    },
    {
      "adv_weight": 2.0,
      "rmse": 0.5308244621409988,
      "h": 0.3011142368182513,
      "corr": -0.004548965012030815
    },
    {
      "adv_weight": 8.0,
      "rmse": 0.26093397540093904,
      "h": 0.03679326176219353,
      "corr": 0.019583398947582396
    }
  ],
  "per_segment": {
    "0.0": {
      "QRS": {
        "rmse": 0.23116054166256877,
        "h": 0.04076320412248957,
        "corr": 0.16956565005490457
      },
      "ST": {
        "rmse": 0.1210683666134918,
        "h": 0.026607397854638146,
        "corr": 0.24479288358355056
      },
      "T": {
        "rmse": 0.10969110213629456,
        "h": 0.02555905355393637,
        "corr": 0.29550159526317094
      }
    },
    "0.5": {
      "QRS": {
        "rmse": 0.408219818327826,
        "h": 0.059647988930139256,
        "corr": 0.015627758631715713
      },
      "ST": {
        "rmse": 0.245807751892821,
        "h": 0.057221194409576244,
        "corr": 0.021850494893723087
      },
      "T": {
        "rmse": 0.20959129930196493,
        "h": 0.06562079040152628,
        "corr": 0.0155125422755324
      }
    },
    "2.0": {
      "QRS": {
        "rmse": 0.6102078735193184,
        "h": 0.29910910172875327,
        "corr": -0.0051014625320606995
      },
      "ST": {
        "rmse": 0.4568475803455089,
        "h": 0.29750649162347353,
        "corr": 0.035869132303564984
      },
      "T": {
        "rmse": 0.525417932558169,
        "h": 0.306727117102527,
        "corr": -0.04441456480759673
      }
    },
    "8.0": {
      "QRS": {
        "rmse": 0.4104879777509775,
        "h": 0.03682423833979741,
        "corr": -0.009797145977013741
      },
      "ST": {
        "rmse": 0.18128446393350786,
        "h": 0.03565797030680635,
        "corr": 0.020026193074763603
      },
      "T": {
        "rmse": 0.19102948451833185,
        "h": 0.03789757663997683,
        "corr": 0.04852114974499733
      }
    }
  }
}