{
  "n_records_per_class": 300,
  "rate": 100,
  "dipolar_fraction": {
    "NORM": {
      "P": 0.5762121916570284,
      "QRS": 0.9210198059923532,
      "ST": 0.7441762943657855,
      "T": 0.7732653471767463
    },
    "MI": {
      "P": 0.6687118872981235,
      "QRS": 0.9223175758251307,
      "ST": 0.8758633684143452,
      "T": 0.8743108675226425
    },
    "STTC": {
      "P": 0.7595586798245308,
      "QRS": 0.8722778917502189,
      "ST": 0.8252023851113462,
      "T": 0.8074368305368165
    }
  },
  "evr_top5": {
    "NORM": {
      "P": [
        0.2727661536224896,
        0.18164785960348698,
        0.12179817843105184,
        0.11993885373308809,
        0.10198650216911698
      ],
      "QRS": [
        0.5627768475641719,
        0.2780985454421433,
        0.08014441298603807,
        0.026676948412427442,
        0.023694498095452692
      ],
      "ST": [
        0.41605482254970033,
        0.2293741992442548,
        0.09874727257183037,
        0.0855009681608116,
        0.05323352541339737
      ],
      "T": [
        0.557896593734545,
        0.13101193607094477,
        0.0843568173712566,
        0.07562216805731198,
        0.047066520379737915
      ]
    },
    "MI": {
      "P": [
        0.33575026259444146,
        0.19702487839302407,
        0.13593674631065794,
        0.09953872261274202,
        0.08446685665879286
      ],
      "QRS": [
        0.4671175331353004,
        0.3621092283529989,
        0.09309081433683142,
        0.02669199550224291,
        0.024324829272231445
      ],
      "ST": [
        0.538693004356359,
        0.23084228656783604,
        0.10632807749015012,
        0.036119043457829694,
        0.03442122442430119
      ],
      "T": [
        0.5658575110491096,
        0.20074806413829605,
        0.10770529233523687,
        0.04075847380998071,
        0.03511914681645751
      ]
    },
    "STTC": {
      "P": [
        0.5396715247710029,
        0.1291185078988003,
        0.09076864715472767,
        0.08440842129385327,
        0.06719790842143739
      ],
      "QRS": [
        0.521878595400439,
        0.2852499544147583,
        0.06514934193502155,
        0.06221321463107456,
        0.024893138075819235
      ],
      "ST": [
        0.44866449340918574,
        0.23610172401913737,
        0.1404361676830231,
        0.06050655296297196,
        0.05403318836282433
      ],
      "T": [
        0.46819575083936565,
        0.24084121413872264,
        0.09839986555872811,
        0.06589793377512174,
        0.04500390301150697
      ]
    }
  },
  "kappa_QRS": {
    "Lead-I": {
      "kappa": 2.217529018927934,
      "dipole_rank": 1,
      "effective_rank": 1
    },
    "3-lead spanning {I,II,V2}": {
      "kappa": 3.0896171432635384,
      "dipole_rank": 3,
      "effective_rank": 3
    },
    "3-lead coplanar {I,II,III}": {
      "kappa": 392331.93157513806,
      "dipole_rank": 3,
      "effective_rank": 2
    },
    "3-lead adjacent {V1,V2,V3}": {
      "kappa": 4.849876694355033,
      "dipole_rank": 3,
      "effective_rank": 3
    },
    "limb-6": {
      "kappa": 67207.51745407157,
      "dipole_rank": 3,
      "effective_rank": 2
    }
  },
  "gate": {
    "per_feature_separation": true,
    "disease_drop": false
  }
}