{
  "config": {
    "Lead-I": {
      "observed": [
        "I"
      ],
      "segments": {
        "P": {
          "true_nondipolar_rms": 0.08401849905884066,
          "dipolar_fraction": 0.6332062072677171,
          "dipolar": {
            "rmse": 0.18901942068156782,
            "h": 5.801224350754769e-17,
            "corr": 0.0
          },
          "ols": {
            "rmse": 0.10726194208233472,
            "h": 0.027546626215404952,
            "corr": 0.22519037166735503
          },
          "generative": {
            "rmse": 0.20048339282768832,
            "h": 0.05373809325597945,
            "corr": 0.0007766354736086823
          }
        },
        "QRS": {
          "true_nondipolar_rms": 0.36550813570463847,
          "dipolar_fraction": 0.9258689960229127,
          "dipolar": {
            "rmse": 0.37157788329054925,
            "h": 3.2657574310427873e-17,
            "corr": 0.0
          },
          "ols": {
            "rmse": 0.3522443751977783,
            "h": 0.17681966462972312,
            "corr": 0.39225301478967844
          },
          "generative": {
            "rmse": 0.38902744070000994,
            "h": 0.09972798743705126,
            "corr": 0.00029877602023109127
          }
        },
        "ST": {
          "true_nondipolar_rms": 0.15526445652881996,
          "dipolar_fraction": 0.7731733164174845,
          "dipolar": {
            "rmse": 0.1691254584849823,
            "h": 1.5403919840437527e-16,
            "corr": 0.0
          },
          "ols": {
            "rmse": 0.17117546368415085,
            "h": 0.05661367797984146,
            "corr": 0.16134527828363393
          },
          "generative": {
            "rmse": 0.18625020479455662,
            "h": 0.06224913254809762,
            "corr": -0.0008666460388863138
          }
        },
        "T": {
          "true_nondipolar_rms": 0.15337036727578077,
          "dipolar_fraction": 0.7869226390280462,
          "dipolar": {
            "rmse": 0.18183217578198455,
            "h": 2.782989926635825e-17,
            "corr": 0.0
          },
          "ols": {
            "rmse": 0.1774365299135406,
            "h": 0.08626251321274409,
            "corr": 0.251463426495567
          },
          "generative": {
            "rmse": 0.1980651837094419,
            "h": 0.065390888194884,
            "corr": -0.0008770303646592513
          }
        }
      }
    },
    "limb-6": {
      "observed": [
        "I",
        "II",
        "III",
        "aVR",
        "aVL",
        "aVF"
      ],
      "segments": {
        "P": {
          "true_nondipolar_rms": 0.08413802193101601,
          "dipolar_fraction": 0.6332062072677171,
          "dipolar": {
            "rmse": 0.24801486421302166,
            "h": 1.7110628126052026e-16,
            "corr": 0.0
          },
          "ols": {
            "rmse": 0.1309234645836422,
            "h": 0.036492889801782634,
            "corr": 0.09680155029264537
          },
          "generative": {
            "rmse": 0.2621441525575161,
            "h": 0.0742027383847899,
            "corr": -5.7830241521688174e-05
          }
        },
        "QRS": {
          "true_nondipolar_rms": 0.35529788507513077,
          "dipolar_fraction": 0.9258689960229127,
          "dipolar": {
            "rmse": 0.39098131467408,
            "h": 6.780706787487193e-16,
            "corr": 0.0
          },
          "ols": {
            "rmse": 0.40474063649904574,
            "h": 0.10615145271177609,
            "corr": 0.10308057199833286
          },
          "generative": {
            "rmse": 0.416858582349168,
            "h": 0.13451724212412175,
            "corr": 0.0005016374360546575
          }
        },
        "ST": {
          "true_nondipolar_rms": 0.17512731249666658,
          "dipolar_fraction": 0.7731733164174845,
          "dipolar": {
            "rmse": 0.20792625545119053,
            "h": 2.3088458884688995e-16,
            "corr": 0.0
          },
          "ols": {
            "rmse": 0.2027454385074101,
            "h": 0.04094411953114953,
            "corr": 0.10379246109400876
          },
          "generative": {
            "rmse": 0.23074490137506104,
            "h": 0.08744933052915776,
            "corr": -0.0007882564977508064
          }
        },
        "T": {
          "true_nondipolar_rms": 0.17256927671834865,
          "dipolar_fraction": 0.7869226390280462,
          "dipolar": {
            "rmse": 0.22402255065634322,
            "h": 4.882253296467827e-17,
            "corr": 0.0
          },
          "ols": {
            "rmse": 0.21223460115496853,
            "h": 0.10547256491613888,
            "corr": 0.22625320577033708
          },
          "generative": {
            "rmse": 0.24521953264983926,
            "h": 0.09016138501878097,
            "corr": -0.0007384520747889998
          }
        }
      }
    },
    "3-lead {I,II,V2}": {
      "observed": [
        "I",
        "II",
        "V2"
      ],
      "segments": {
        "P": {
          "true_nondipolar_rms": 0.057991276663083006,
          "dipolar_fraction": 0.6332062072677171,
          "dipolar": {
            "rmse": 0.21468355534813935,
            "h": 1.1335337460036247e-16,
            "corr": 0.0
          },
          "ols": {
            "rmse": 0.09043335197050245,
            "h": 0.02598916729776334,
            "corr": 0.44070617427909
          },
          "generative": {
            "rmse": 0.22583192144613679,
            "h": 0.05590174617408773,
            "corr": 0.00130235750409614
          }
        },
        "QRS": {
          "true_nondipolar_rms": 0.11529437555587348,
          "dipolar_fraction": 0.9258689960229127,
          "dipolar": {
            "rmse": 0.19633512162200575,
            "h": 7.291986261236157e-16,
            "corr": 0.0
          },
          "ols": {
            "rmse": 0.19639829390375493,
            "h": 0.03024931682841196,
            "corr": 0.13110356837496176
          },
          "generative": {
            "rmse": 0.22821938515372547,
            "h": 0.09686846630371232,
            "corr": 0.0007218212205998966
          }
        },
        "ST": {
          "true_nondipolar_rms": 0.07395945320692163,
          "dipolar_fraction": 0.7731733164174845,
          "dipolar": {
            "rmse": 0.12470894441999814,
            "h": 2.5593827982107386e-16,
            "corr": 0.0
          },
          "ols": {
            "rmse": 0.11160878492572839,
            "h": 0.015828039174159106,
            "corr": 0.2792462957558105
          },
          "generative": {
            "rmse": 0.1485362696490218,
            "h": 0.06334494888643923,
            "corr": -0.002417421299383903
          }
        },
        "T": {
          "true_nondipolar_rms": 0.07555261521451315,
          "dipolar_fraction": 0.7869226390280462,
          "dipolar": {
            "rmse": 0.1400848392015428,
            "h": 2.1091949947430615e-16,
            "corr": 0.0
          },
          "ols": {
            "rmse": 0.10524511771417516,
            "h": 0.028395325828457333,
            "corr": 0.4415590746987994
          },
          "generative": {
            "rmse": 0.16315427490161863,
            "h": 0.0673178520396447,
            "corr": -0.0013366268370988465
          }
        }
      }
    }
  },
  "n_train": 500,
  "n_test": 500,
  "rate": 100
}