{
  "n_test": 300,
  "guidances": [
    1.0,
    2.0,
    4.0,
    6.0
  ],
  "obs": [
    "I",
    "II",
    "V1",
    "V3",
    "V5"
  ],
  "targets": [
    "V2",
    "V4",
    "V6"
  ],
  "per_w": {
    "1.0": {
      "psd_logdist": {
        "V2": 1.9461422006289164,
        "V4": 1.7235506451129914,
        "V6": 1.7571495215098063
      },
      "amp_wasserstein": {
        "V2": 0.29380000164111447,
        "V4": 0.6441409550110498,
        "V6": 0.5823854563633597
      },
      "qrs_width_wasserstein": 0.0,
      "gen_qrs_delineation_rate": 10.846666666666666
    },
    "2.0": {
      "psd_logdist": {
        "V2": 1.8688957659403482,
        "V4": 1.63987104733785,
        "V6": 1.6942854948838553
      },
      "amp_wasserstein": {
        "V2": 0.1641430090864499,
        "V4": 0.604516767859459,
        "V6": 0.553678226669629
      },
      "qrs_width_wasserstein": 0.0,
      "gen_qrs_delineation_rate": 10.846666666666666
    },
    "4.0": {
      "psd_logdist": {
        "V2": 2.027515626748403,
        "V4": 1.7656704533100127,
        "V6": 1.8427314205964407
      },
      "amp_wasserstein": {
        "V2": 0.28434679597616197,
        "V4": 0.5645589091380437,
        "V6": 0.6176233494281764
      },
      "qrs_width_wasserstein": 0.0,
      "gen_qrs_delineation_rate": 10.846666666666666
    },
    "6.0": {
      "psd_logdist": {
        "V2": 2.3512677995363873,
        "V4": 2.012936324675878,
        "V6": 2.1028463701407114
      },
      "amp_wasserstein": {
        "V2": 0.6736846698323885,
        "V4": 0.6254885850350063,
        "V6": 0.7786913079023356
      },
      "qrs_width_wasserstein": 0.0,
      "gen_qrs_delineation_rate": 10.846666666666666
    }
  }
}