{
  "tier1_certificate": {
    "sigmas": [
      0.0,
      0.02,
      0.05,
      0.1,
      0.2
    ],
    "configs": {
      "spanning {I,II,V2}": {
        "kappa": 15.038957497605757,
        "GF": 15.23723221870907,
        "err": [
          1.3826011235471178e-15,
          0.30353242610031106,
          0.7652319967544393,
          1.5146645132028622,
          3.032105730319954
        ],
        "predicted": [
          0.0,
          0.3047446443741814,
          0.7618616109354535,
          1.523723221870907,
          3.047446443741814
        ],
        "bound": [
          0.0,
          0.5209647695744415,
          1.3024119239361038,
          2.6048238478722077,
          5.209647695744415
        ]
      },
      "collinear {V1,V2,V3}": {
        "kappa": 204.0554523513305,
        "GF": 204.06989433068952,
        "err": [
          2.519366810909235e-14,
          4.016291589312841,
          10.168275536506503,
          20.442625711069326,
          41.218617400555544
        ],
        "predicted": [
          0.0,
          4.08139788661379,
          10.203494716534477,
          20.406989433068954,
          40.81397886613791
        ],
        "bound": [
          0.0,
          7.068688220679091,
          17.671720551697728,
          35.343441103395456,
          70.68688220679091
        ]
      }
    }
  },
  "tier3_irreducibility": {
    "deltas": [
      0.0,
      0.1,
      0.2,
      0.4,
      0.8
    ],
    "bayes_mse": [
      1.4679187409699948e-33,
      0.010125791274576332,
      0.04005113860384848,
      0.15948438600850895,
      0.6311109061691813
    ],
    "hallucinator_mse": [
      1.4679187409699948e-33,
      0.02036846787541017,
      0.07797312428037599,
      0.3197269827397247,
      1.2629625294958915
    ],
    "lower_bound_var_u": [
      0.0,
      0.01012579127457633,
      0.04005113860384848,
      0.15948438600850895,
      0.6311109061691813
    ],
    "hallucinator_energy": [
      0.0,
      0.08066186728837574,
      0.1594676309159099,
      0.32281900906011307,
      0.641996923796898
    ]
  },
  "flag_roc": {
    "alpha": 0.1,
    "tau": 1.429412144204889e-15,
    "deltas": [
      0.0,
      0.05,
      0.1,
      0.2,
      0.4,
      0.8
    ],
    "power": [
      0.084,
      1.0,
      1.0,
      1.0,
      1.0,
      1.0
    ],
    "false_flag_rate": 0.099
  },
  "coverage": {
    "alpha": 0.1,
    "target_coverage": 0.9,
    "empirical_coverage": 0.9026666666666666,
    "mean_width": 1.9381296578955125
  }
}