{
  "alpha": 0.1,
  "fold_discipline": "train 1-7 / tune 8 / cal 9 / test 10",
  "target": "record-level segment-mean off-dipole residual of the target lead",
  "maxiter_grid": [
    100,
    200,
    400
  ],
  "n_train": 2000,
  "configs": {
    "{I,II,V1,V3,V5}": {
      "observed": [
        "I",
        "II",
        "V1",
        "V3",
        "V5"
      ],
      "groups": {
        "QRS/V2": {
          "n_cal": 496,
          "n_test": 995,
          "max_iter": 100,
          "coverage": 0.9095477386934674,
          "coverage_ci": [
            0.890929648241206,
            0.9256281407035176
          ],
          "mean_width_mV": 0.1498988482038953,
          "target_off_dipole_rms_mV": 0.05946150765997311,
          "subgroup_coverage": {
            "NORM": {
              "n": 408,
              "coverage": 0.9313725490196079
            },
            "MI": {
              "n": 147,
              "coverage": 0.9047619047619048
            },
            "STTC": {
              "n": 107,
              "coverage": 0.9345794392523364
            },
            "CD": {
              "n": 236,
              "coverage": 0.8771186440677966
            },
            "HYP": {
              "n": 85,
              "coverage": 0.8823529411764706
            }
          }
        },
        "QRS/V4": {
          "n_cal": 496,
          "n_test": 995,
          "max_iter": 200,
          "coverage": 0.9266331658291457,
          "coverage_ci": [
            0.9095477386934674,
            0.9417085427135679
          ],
          "mean_width_mV": 0.14574317787242771,
          "target_off_dipole_rms_mV": 0.05867960761907792,
          "subgroup_coverage": {
            "NORM": {
              "n": 408,
              "coverage": 0.946078431372549
            },
            "MI": {
              "n": 147,
              "coverage": 0.9251700680272109
            },
            "STTC": {
              "n": 107,
              "coverage": 0.9345794392523364
            },
            "CD": {
              "n": 236,
              "coverage": 0.902542372881356
            },
            "HYP": {
              "n": 85,
              "coverage": 0.8941176470588236
            }
          }
        },
        "QRS/V6": {
          "n_cal": 496,
          "n_test": 995,
          "max_iter": 400,
          "coverage": 0.9125628140703518,
          "coverage_ci": [
            0.8944723618090452,
            0.9276381909547738
          ],
          "mean_width_mV": 0.09565017182065087,
          "target_off_dipole_rms_mV": 0.08760507453241109,
          "subgroup_coverage": {
            "NORM": {
              "n": 408,
              "coverage": 0.9779411764705882
            },
            "MI": {
              "n": 147,
              "coverage": 0.9047619047619048
            },
            "STTC": {
              "n": 107,
              "coverage": 0.9439252336448598
            },
            "CD": {
              "n": 236,
              "coverage": 0.847457627118644
            },
            "HYP": {
              "n": 85,
              "coverage": 0.7647058823529411
            }
          }
        },
        "ST/V2": {
          "n_cal": 495,
          "n_test": 995,
          "max_iter": 200,
          "coverage": 0.9437185929648241,
          "coverage_ci": [
            0.928643216080402,
            0.9577889447236181
          ],
          "mean_width_mV": 0.11732328846130177,
          "target_off_dipole_rms_mV": 0.04841540124400136,
          "subgroup_coverage": {
            "NORM": {
              "n": 408,
              "coverage": 0.9558823529411765
            },
            "MI": {
              "n": 147,
              "coverage": 0.9591836734693877
            },
            "STTC": {
              "n": 107,
              "coverage": 0.9439252336448598
            },
            "CD": {
              "n": 236,
              "coverage": 0.9322033898305084
            },
            "HYP": {
              "n": 85,
              "coverage": 0.8941176470588236
            }
          }
        },
        "ST/V4": {
          "n_cal": 495,
          "n_test": 995,
          "max_iter": 100,
          "coverage": 0.907537688442211,
          "coverage_ci": [
            0.8904522613065327,
            0.9266331658291457
          ],
          "mean_width_mV": 0.09641986022146433,
          "target_off_dipole_rms_mV": 0.043639080146408236,
          "subgroup_coverage": {
            "NORM": {
              "n": 408,
              "coverage": 0.9338235294117647
            },
            "MI": {
              "n": 147,
              "coverage": 0.8707482993197279
            },
            "STTC": {
              "n": 107,
              "coverage": 0.9439252336448598
            },
            "CD": {
              "n": 236,
              "coverage": 0.902542372881356
            },
            "HYP": {
              "n": 85,
              "coverage": 0.8823529411764706
            }
          }
        },
        "ST/V6": {
          "n_cal": 495,
          "n_test": 995,
          "max_iter": 400,
          "coverage": 0.9396984924623115,
          "coverage_ci": [
            0.9230904522613065,
            0.9542964824120603
          ],
          "mean_width_mV": 0.010714708956490227,
          "target_off_dipole_rms_mV": 0.009334812703292592,
          "subgroup_coverage": {
            "NORM": {
              "n": 408,
              "coverage": 0.9681372549019608
            },
            "MI": {
              "n": 147,
              "coverage": 0.9523809523809523
            },
            "STTC": {
              "n": 107,
              "coverage": 0.9532710280373832
            },
            "CD": {
              "n": 236,
              "coverage": 0.902542372881356
            },
            "HYP": {
              "n": 85,
              "coverage": 0.8823529411764706
            }
          }
        },
        "T/V2": {
          "n_cal": 496,
          "n_test": 995,
          "max_iter": 200,
          "coverage": 0.9165829145728643,
          "coverage_ci": [
            0.9005025125628141,
            0.9326633165829146
          ],
          "mean_width_mV": 0.20617025522001942,
          "target_off_dipole_rms_mV": 0.09113943505620592,
          "subgroup_coverage": {
            "NORM": {
              "n": 408,
              "coverage": 0.9166666666666666
            },
            "MI": {
              "n": 147,
              "coverage": 0.9455782312925171
            },
            "STTC": {
              "n": 107,
              "coverage": 0.9439252336448598
            },
            "CD": {
              "n": 236,
              "coverage": 0.8940677966101694
            },
            "HYP": {
              "n": 85,
              "coverage": 0.8941176470588236
            }
          }
        },
        "T/V4": {
          "n_cal": 496,
          "n_test": 995,
          "max_iter": 200,
          "coverage": 0.8964824120603015,
          "coverage_ci": [
            0.8753768844221106,
            0.9155778894472362
          ],
          "mean_width_mV": 0.131819683407521,
          "target_off_dipole_rms_mV": 0.05815702665016945,
          "subgroup_coverage": {
            "NORM": {
              "n": 408,
              "coverage": 0.9240196078431373
            },
            "MI": {
              "n": 147,
              "coverage": 0.9047619047619048
            },
            "STTC": {
              "n": 107,
              "coverage": 0.9252336448598131
            },
            "CD": {
              "n": 236,
              "coverage": 0.864406779661017
            },
            "HYP": {
              "n": 85,