{
  "alpha": 0.1,
  "fold_discipline": "train 1-7 / cal 9 / test 10",
  "n_train": 800,
  "configs": {
    "{I,II,V1,V3,V5}": {
      "observed": [
        "I",
        "II",
        "V1",
        "V3",
        "V5"
      ],
      "groups": {
        "QRS/V2": {
          "n_cal": 198,
          "n_test": 397,
          "coverage": 0.924433249370277,
          "coverage_ci": [
            0.8916876574307305,
            0.9496221662468514
          ],
          "mean_width_mV": 0.16511755280003687,
          "target_off_dipole_rms_mV": 0.059556182444525756,
          "subgroup_coverage": {
            "NORM": {
              "n": 164,
              "coverage": 0.9573170731707317
            },
            "MI": {
              "n": 47,
              "coverage": 0.9361702127659575
            },
            "STTC": {
              "n": 44,
              "coverage": 0.9318181818181818
            },
            "CD": {
              "n": 99,
              "coverage": 0.898989898989899
            },
            "HYP": {
              "n": 40,
              "coverage": 0.875
            }
          }
        },
        "QRS/V4": {
          "n_cal": 198,
          "n_test": 397,
          "coverage": 0.929471032745592,
          "coverage_ci": [
            0.9042821158690176,
            0.9521410579345088
          ],
          "mean_width_mV": 0.1569495487435309,
          "target_off_dipole_rms_mV": 0.057132745424735905,
          "subgroup_coverage": {
            "NORM": {
              "n": 164,
              "coverage": 0.9695121951219512
            },
            "MI": {
              "n": 47,
              "coverage": 0.9574468085106383
            },
            "STTC": {
              "n": 44,
              "coverage": 0.9318181818181818
            },
            "CD": {
              "n": 99,
              "coverage": 0.8888888888888888
            },
            "HYP": {
              "n": 40,
              "coverage": 0.825
            }
          }
        },
        "QRS/V6": {
          "n_cal": 198,
          "n_test": 397,
          "coverage": 0.924433249370277,
          "coverage_ci": [
            0.8992443324937027,
            0.9497481108312341
          ],
          "mean_width_mV": 0.14753110906486935,
          "target_off_dipole_rms_mV": 0.07171903101918087,
          "subgroup_coverage": {
            "NORM": {
              "n": 164,
              "coverage": 0.9817073170731707
            },
            "MI": {
              "n": 47,
              "coverage": 0.8723404255319149
            },
            "STTC": {
              "n": 44,
              "coverage": 0.9318181818181818
            },
            "CD": {
              "n": 99,
              "coverage": 0.8888888888888888
            },
            "HYP": {
              "n": 40,
              "coverage": 0.85
            }
          }
        },
        "ST/V2": {
          "n_cal": 199,
          "n_test": 397,
          "coverage": 0.9496221662468514,
          "coverage_ci": [
            0.9231108312342569,
            0.9722921914357683
          ],
          "mean_width_mV": 0.08623426672241147,
          "target_off_dipole_rms_mV": 0.02771758363130039,
          "subgroup_coverage": {
            "NORM": {
              "n": 164,
              "coverage": 0.975609756097561
            },
            "MI": {
              "n": 47,
              "coverage": 0.9574468085106383
            },
            "STTC": {
              "n": 44,
              "coverage": 0.9545454545454546
            },
            "CD": {
              "n": 99,
              "coverage": 0.9292929292929293
            },
            "HYP": {
              "n": 40,
              "coverage": 0.9
            }
          }
        },
        "ST/V4": {
          "n_cal": 199,
          "n_test": 397,
          "coverage": 0.924433249370277,
          "coverage_ci": [
            0.8992443324937027,
            0.947103274559194
          ],
          "mean_width_mV": 0.08069062674717715,
          "target_off_dipole_rms_mV": 0.03501538746267657,
          "subgroup_coverage": {
            "NORM": {
              "n": 164,
              "coverage": 0.9512195121951219
            },
            "MI": {
              "n": 47,
              "coverage": 0.9574468085106383
            },
            "STTC": {
              "n": 44,
              "coverage": 0.9318181818181818
            },
            "CD": {
              "n": 99,
              "coverage": 0.8888888888888888
            },
            "HYP": {
              "n": 40,
              "coverage": 0.925
            }
          }
        },
        "ST/V6": {
          "n_cal": 199,
          "n_test": 397,
          "coverage": 0.8765743073047859,
          "coverage_ci": [
            0.8450251889168765,
            0.9081234256926952
          ],
          "mean_width_mV": 0.08085233400718568,
          "target_off_dipole_rms_mV": 0.053901122039004684,
          "subgroup_coverage": {
            "NORM": {
              "n": 164,
              "coverage": 0.9085365853658537
            },
            "MI": {
              "n": 47,
              "coverage": 0.8297872340425532
            },
            "STTC": {
              "n": 44,
              "coverage": 0.8863636363636364
            },
            "CD": {
              "n": 99,
              "coverage": 0.8787878787878788
            },
            "HYP": {
              "n": 40,
              "coverage": 0.825
            }
          }
        },
        "T/V2": {
          "n_cal": 199,
          "n_test": 397,
          "coverage": 0.929471032745592,
          "coverage_ci": [
            0.906801007556675,
            0.9546599496221663
          ],
          "mean_width_mV": 0.14214449271377247,
          "target_off_dipole_rms_mV": 0.04993012325416051,
          "subgroup_coverage": {
            "NORM": {
              "n": 164,
              "coverage": 0.9573170731707317
            },
            "MI": {
              "n": 47,
              "coverage": 0.9148936170212766
            },
            "STTC": {
              "n": 44,
              "coverage": 0.9090909090909091
            },
            "CD": {
              "n": 99,
              "coverage": 0.9191919191919192
            },
            "HYP": {
              "n": 40,
              "coverage": 0.875
            }
          }
        },
        "T/V4": {
          "n_cal": 199,
          "n_test": 397,
          "coverage": 0.9017632241813602,
          "coverage_ci": [
            0.8690176322418136,
            0.9282745591939546
          ],
          "mean_width_mV": 0.12647449607011835,
          "target_off_dipole_rms_mV": 0.05698319305561626,
          "subgroup_coverage": {
            "NORM": {
              "n": 164,
              "coverage": 0.926829268292683
            },
            "MI": {
              "n": 47,
              "coverage": 0.9148936170212766
            },
            "STTC": {
              "n": 44,
              "coverage": 0.9318181818181818
            },
            "CD": {
              "n": 99,
              "coverage": 0.8888888888888888
            },
            "HYP": {
              "n": 40,
              "coverage": 0.825
            }
          }
        },
        "T/V6": {
          "n_cal": 199,
          "n_test": 397,
          "coverage": 0.9143576826196473,
          "coverage_ci": [
            0.8866498740554156,
            0.9395465994962217
          ],
          "mean_width_mV": 0.11585933154930864,
          "target_off_dipole_rms_mV": 0.04157701020458883,
          "subgroup_coverage": {
            "NORM": {
              "n": 164,